userId,latitude,longitude,date_partition
71fb3b90-8222-4720-876a-a647d65146ee,-22.5292538,-44.1599124,2021-11-10
71fb3b90-8222-4720-876a-a647d65146ee,-22.54054054054054,-44.16675634501769,2021-10-23
71fb3b90-8222-4720-876a-a647d65146ee,-22.5314866,-44.1535352,2021-11-11
71fb3b90-8222-4720-876a-a647d65146ee,-22.5323299,-44.1534726,2021-11-13
71fb3b90-8222-4720-876a-a647d65146ee,-22.5318662,-44.1536022,2021-11-14
71fb3b90-8222-4720-876a-a647d65146ee,-22.5187196,-44.1075761,2021-10-29
71fb3b90-8222-4720-876a-a647d65146ee,-22.4925855,-44.098518,2021-11-21
71fb3b90-8222-4720-876a-a647d65146ee,-22.4925776,-44.09854,2021-11-21
71fb3b90-8222-4720-876a-a647d65146ee,-22.4925815,-44.0985403,2021-11-21
71fb3b90-8222-4720-876a-a647d65146ee,-22.4925781,-44.0985422,2021-11-21
71fb3b90-8222-4720-876a-a647d65146ee,-22.4925826,-44.0985313,2021-11-21
71fb3b90-8222-4720-876a-a647d65146ee,-22.5318878,-44.153559,2021-11-25
71fb3b90-8222-4720-876a-a647d65146ee,-22.5318829,-44.1531543,2021-11-16
71fb3b90-8222-4720-876a-a647d65146ee,-22.5319961,-44.1531022,2021-11-16
71fb3b90-8222-4720-876a-a647d65146ee,-22.5331155,-44.1294424,2021-11-16
71fb3b90-8222-4720-876a-a647d65146ee,-22.5320339,-44.1532011,2021-11-05
71fb3b90-8222-4720-876a-a647d65146ee,-22.5421212,-44.1723096,2021-11-05
71fb3b90-8222-4720-876a-a647d65146ee,-22.5293618,-44.1528994,2021-11-15
71fb3b90-8222-4720-876a-a647d65146ee,-22.5321761,-44.1533911,2021-11-15
71fb3b90-8222-4720-876a-a647d65146ee,-22.5305163,-44.1529734,2021-11-24
71fb3b90-8222-4720-876a-a647d65146ee,-22.532095,-44.1529597,2021-11-04
71fb3b90-8222-4720-876a-a647d65146ee,-22.5321089,-44.1531756,2021-11-21
71fb3b90-8222-4720-876a-a647d65146ee,-22.492569,-44.0985201,2021-11-11
71fb3b90-8222-4720-876a-a647d65146ee,-22.492687,-44.0985578,2021-11-11
71fb3b90-8222-4720-876a-a647d65146ee,-22.4926889,-44.098531,2021-11-11
71fb3b90-8222-4720-876a-a647d65146ee,-22.4926961,-44.0985226,2021-11-11
71fb3b90-8222-4720-876a-a647d65146ee,-22.5318399,-44.1538785,2021-12-02
71fb3b90-8222-4720-876a-a647d65146ee,-22.4994928,-44.1079235,2021-11-06
71fb3b90-8222-4720-876a-a647d65146ee,-22.4996011,-44.1077564,2021-11-06
71fb3b90-8222-4720-876a-a647d65146ee,-22.4995998,-44.1077569,2021-11-06
71fb3b90-8222-4720-876a-a647d65146ee,-22.4994924,-44.1078183,2021-11-06
71fb3b90-8222-4720-876a-a647d65146ee,-22.4995029,-44.1078465,2021-11-06
72029e64-fc0d-4f3e-a1e3-a65d0b5587c5,-22.9868187,-43.4549753,2022-01-01
72029e64-fc0d-4f3e-a1e3-a65d0b5587c5,-22.99099099099099,-43.451515544889844,2021-12-25
72029e64-fc0d-4f3e-a1e3-a65d0b5587c5,-22.9868391,-43.4549376,2021-12-25
7204066f-3778-423f-8b00-dda55ebcd3a0,-23.5172119140625,-46.50878810375395,2021-12-20
7204066f-3778-423f-8b00-dda55ebcd3a0,-23.517242431640625,-46.50875380267064,2021-12-20
7204066f-3778-423f-8b00-dda55ebcd3a0,-23.517181396484375,-46.508749108804864,2021-12-20
7204066f-3778-423f-8b00-dda55ebcd3a0,-23.517181396484375,-46.508750617547435,2021-12-20
7204066f-3778-423f-8b00-dda55ebcd3a0,-23.517181396484375,-46.508800220931974,2021-11-10
7204066f-3778-423f-8b00-dda55ebcd3a0,-23.517181396484375,-46.50880034262835,2021-11-11
7204066f-3778-423f-8b00-dda55ebcd3a0,-23.503814697265625,-46.56451640826889,2021-10-27
7204066f-3778-423f-8b00-dda55ebcd3a0,-23.503814697265625,-46.56449756500181,2021-10-27
7204066f-3778-423f-8b00-dda55ebcd3a0,-23.503814697265625,-46.56448750953097,2021-10-27
7204066f-3778-423f-8b00-dda55ebcd3a0,-23.503814697265625,-46.56448007363953,2021-10-27
7204066f-3778-423f-8b00-dda55ebcd3a0,-23.503814697265625,-46.56447999006691,2021-10-27
7204066f-3778-423f-8b00-dda55ebcd3a0,-23.503829956054688,-46.564533874997345,2021-10-27
7204066f-3778-423f-8b00-dda55ebcd3a0,-23.517227172851562,-46.50882848542789,2021-01-27
7204066f-3778-423f-8b00-dda55ebcd3a0,-23.517227172851562,-46.50883133527498,2021-01-27
7204066f-3778-423f-8b00-dda55ebcd3a0,-23.517227172851562,-46.50882982653241,2021-01-27
7204066f-3778-423f-8b00-dda55ebcd3a0,-23.517227172851562,-46.50883208964627,2021-01-27
7204066f-3778-423f-8b00-dda55ebcd3a0,-23.517227172851562,-46.50883980099718,2021-01-27
7204066f-3778-423f-8b00-dda55ebcd3a0,-23.517196655273438,-46.50878746812564,2021-11-27
7204066f-3778-423f-8b00-dda55ebcd3a0,-23.517242431640625,-46.50875296448032,2021-11-27
7204066f-3778-423f-8b00-dda55ebcd3a0,-23.517181396484375,-46.50881934915344,2021-11-27
7204066f-3778-423f-8b00-dda55ebcd3a0,-23.517227172851562,-46.50882848542789,2021-11-27
7204066f-3778-423f-8b00-dda55ebcd3a0,-23.517227172851562,-46.50883133527498,2021-11-27
7204066f-3778-423f-8b00-dda55ebcd3a0,-23.517227172851562,-46.50882982653241,2021-11-27
7204066f-3778-423f-8b00-dda55ebcd3a0,-23.517227172851562,-46.50883208964627,2021-11-27
7204066f-3778-423f-8b00-dda55ebcd3a0,-23.517227172851562,-46.50883980099718,2021-11-27
7204066f-3778-423f-8b00-dda55ebcd3a0,-23.636642456054688,-45.42396305338344,2021-11-02
7204066f-3778-423f-8b00-dda55ebcd3a0,-23.636581420898438,-45.42401921796616,2021-11-02
7204066f-3778-423f-8b00-dda55ebcd3a0,-23.517257690429688,-46.50879344907264,2021-12-20
7204066f-3778-423f-8b00-dda55ebcd3a0,-23.517196655273438,-46.508753551213545,2021-12-20
7204066f-3778-423f-8b00-dda55ebcd3a0,-23.517181396484375,-46.508802268148465,2021-10-28
7204066f-3778-423f-8b00-dda55ebcd3a0,-23.517120361328125,-46.50873870055083,2021-10-28
7204066f-3778-423f-8b00-dda55ebcd3a0,-23.517196655273438,-46.50879754931395,2021-10-28
7204066f-3778-423f-8b00-dda55ebcd3a0,-23.525787353515625,-46.547334235956214,2021-12-14
7204066f-3778-423f-8b00-dda55ebcd3a0,-23.525802612304688,-46.54735293911075,2021-12-14
7204066f-3778-423f-8b00-dda55ebcd3a0,-23.525772094726562,-46.54731085313152,2021-12-14
7204066f-3778-423f-8b00-dda55ebcd3a0,-23.525802612304688,-46.54737282819903,2021-12-14
7204066f-3778-423f-8b00-dda55ebcd3a0,-23.525772094726562,-46.547305400268584,2021-12-14
7204066f-3778-423f-8b00-dda55ebcd3a0,-23.629165649414062,-45.425372644712475,2021-10-30
7204066f-3778-423f-8b00-dda55ebcd3a0,-23.51806640625,-46.490041317002984,2021-11-04
7204066f-3778-423f-8b00-dda55ebcd3a0,-23.428237915039062,-46.483646172702386,2021-01-29
7204066f-3778-423f-8b00-dda55ebcd3a0,-23.520294189453125,-46.508311935882446,2021-11-10
7204066f-3778-423f-8b00-dda55ebcd3a0,-23.521011352539062,-46.50824242867015,2021-11-10
7204066f-3778-423f-8b00-dda55ebcd3a0,-23.517181396484375,-46.5088003927242,2021-11-10
7204066f-3778-423f-8b00-dda55ebcd3a0,-23.529067993164062,-46.52264077884454,2021-11-10
7204066f-3778-423f-8b00-dda55ebcd3a0,-23.529052734375,-46.52264510815711,2021-11-10
7204066f-3778-423f-8b00-dda55ebcd3a0,-23.517196655273438,-46.50878746812564,2021-01-27
7204066f-3778-423f-8b00-dda55ebcd3a0,-23.517242431640625,-46.50875296448032,2021-01-27
7204066f-3778-423f-8b00-dda55ebcd3a0,-23.517181396484375,-46.50881934915344,2021-01-27
7204066f-3778-423f-8b00-dda55ebcd3a0,0.0,-45.42127990350127,2022-01-24
7204066f-3778-423f-8b00-dda55ebcd3a0,-23.636550903320312,-45.42417704624204,2022-01-24
7204066f-3778-423f-8b00-dda55ebcd3a0,-23.529022216796875,-46.52261314216991,2021-11-10
7204066f-3778-423f-8b00-dda55ebcd3a0,-23.529052734375,-46.52261302105304,2021-11-10
7204066f-3778-423f-8b00-dda55ebcd3a0,-23.654144287109375,-45.43608734517176,2022-01-24
7204066f-3778-423f-8b00-dda55ebcd3a0,-23.654159545898438,-45.436037448445106,2022-01-24
7204066f-3778-423f-8b00-dda55ebcd3a0,-23.65423583984375,-45.43589838381507,2022-01-24
7204066f-3778-423f-8b00-dda55ebcd3a0,-23.654205322265625,-45.43609094424779,2022-01-24
7204066f-3778-423f-8b00-dda55ebcd3a0,-23.654220581054688,-45.435937796872004,2022-01-24
7204066f-3778-423f-8b00-dda55ebcd3a0,-23.548355102539062,-46.5636218316547,2021-11-07
7204066f-3778-423f-8b00-dda55ebcd3a0,-23.654205322265625,-45.435875682307866,2022-01-27
7204066f-3778-423f-8b00-dda55ebcd3a0,-23.636642456054688,-45.42396402899647,2021-11-01
7204066f-3778-423f-8b00-dda55ebcd3a0,-23.636642456054688,-45.42396141535348,2021-11-01
7204066f-3778-423f-8b00-dda55ebcd3a0,-22.987030029296875,-47.012838693860736,2021-11-11
7204066f-3778-423f-8b00-dda55ebcd3a0,-22.987258911132812,-47.012824719763714,2021-11-11
7204066f-3778-423f-8b00-dda55ebcd3a0,-23.625137329101562,-45.411377510813416,2021-10-31
7204066f-3778-423f-8b00-dda55ebcd3a0,-23.62518310546875,-45.41143090530239,2021-10-31
7204066f-3778-423f-8b00-dda55ebcd3a0,-23.525466918945312,-46.54674361653855,2021-12-15
7204066f-3778-423f-8b00-dda55ebcd3a0,-23.514480590820312,-46.506349843744694,2021-11-20
7204066f-3778-423f-8b00-dda55ebcd3a0,-23.51446533203125,-46.506328832622046,2021-11-20
7204066f-3778-423f-8b00-dda55ebcd3a0,-23.53692626953125,-46.589435162505566,2021-11-06
7204066f-3778-423f-8b00-dda55ebcd3a0,-23.53692626953125,-46.58943156599982,2021-11-06
7204066f-3778-423f-8b00-dda55ebcd3a0,-23.517257690429688,-46.50874914764598,2021-12-20
7204066f-3778-423f-8b00-dda55ebcd3a0,-23.517257690429688,-46.50879336525361,2021-12-20
7204066f-3778-423f-8b00-dda55ebcd3a0,-23.5172119140625,-46.508788046834106,2021-12-31
7204066f-3778-423f-8b00-dda55ebcd3a0,-23.535324096679688,-46.58391391911804,2021-11-06
7204066f-3778-423f-8b00-dda55ebcd3a0,-23.625411987304688,-45.411500766978385,2021-11-01
7204066f-3778-423f-8b00-dda55ebcd3a0,-23.428237915039062,-46.483646172702386,2021-11-29
7204066f-3778-423f-8b00-dda55ebcd3a0,-23.517120361328125,-46.5087379710196,2021-10-28
7204066f-3778-423f-8b00-dda55ebcd3a0,-23.517181396484375,-46.5087983899442,2021-10-28
7204066f-3778-423f-8b00-dda55ebcd3a0,-23.517349243164062,-46.50880485487673,2021-10-28
7204066f-3778-423f-8b00-dda55ebcd3a0,-23.51715087890625,-46.508830586029205,2021-10-28
7204066f-3778-423f-8b00-dda55ebcd3a0,-23.517242431640625,-46.508833293367196,2021-10-28
7204066f-3778-423f-8b00-dda55ebcd3a0,-23.517242431640625,-46.50883370603253,2021-10-28
7204066f-3778-423f-8b00-dda55ebcd3a0,-23.517227172851562,-46.50885709927422,2021-10-28
7204066f-3778-423f-8b00-dda55ebcd3a0,-23.517227172851562,-46.50886110109216,2021-10-28
7204066f-3778-423f-8b00-dda55ebcd3a0,-23.5172119140625,-46.50885518814094,2021-10-28
7204066f-3778-423f-8b00-dda55ebcd3a0,-23.517196655273438,-46.50885419953099,2021-10-28
7204066f-3778-423f-8b00-dda55ebcd3a0,-23.517196655273438,-46.508851547568234,2021-10-28
7204066f-3778-423f-8b00-dda55ebcd3a0,-23.517196655273438,-46.50883789937,2021-10-28
7204066f-3778-423f-8b00-dda55ebcd3a0,-23.517181396484375,-46.50881985511067,2021-10-28
7204066f-3778-423f-8b00-dda55ebcd3a0,-23.517196655273438,-46.50882472231319,2021-10-28
7204066f-3778-423f-8b00-dda55ebcd3a0,-23.5172119140625,-46.50875589935858,2021-10-28
7204066f-3778-423f-8b00-dda55ebcd3a0,-23.517227172851562,-46.508743942583905,2021-10-28
7204066f-3778-423f-8b00-dda55ebcd3a0,-23.517257690429688,-46.50874748159668,2021-10-28
72076e79-75f3-461b-89d4-2302015e1eb6,-22.3804223,-41.7876021,2021-01-02
72076e79-75f3-461b-89d4-2302015e1eb6,-22.3967318,-41.8005616,2021-01-27
72076e79-75f3-461b-89d4-2302015e1eb6,-22.3967272,-41.8005234,2022-02-11
72076e79-75f3-461b-89d4-2302015e1eb6,-22.3967499,-41.8005304,2022-02-11
72076e79-75f3-461b-89d4-2302015e1eb6,-22.3967662,-41.8005259,2022-02-11
72076e79-75f3-461b-89d4-2302015e1eb6,-22.4019754,-41.7939154,2022-02-23
72076e79-75f3-461b-89d4-2302015e1eb6,-22.401953,-41.7938888,2022-02-23
72076e79-75f3-461b-89d4-2302015e1eb6,-22.3804501,-41.7876043,2021-01-03
72076e79-75f3-461b-89d4-2302015e1eb6,-22.3804317,-41.7876084,2021-01-02
72076e79-75f3-461b-89d4-2302015e1eb6,-22.3967533,-41.8005439,2021-12-31
72076e79-75f3-461b-89d4-2302015e1eb6,-22.3967318,-41.8005616,2021-11-27
72076e79-75f3-461b-89d4-2302015e1eb6,-22.3967473,-41.8005268,2021-11-10
72076e79-75f3-461b-89d4-2302015e1eb6,-22.3967357,-41.8005232,2021-11-10
72076e79-75f3-461b-89d4-2302015e1eb6,-22.3967734,-41.8004887,2021-11-10
72076e79-75f3-461b-89d4-2302015e1eb6,-22.3967433,-41.8005725,2021-10-11
72076e79-75f3-461b-89d4-2302015e1eb6,-22.3967463,-41.8005763,2021-10-11
72076e79-75f3-461b-89d4-2302015e1eb6,-22.3967731,-41.8004954,2021-10-11
72076e79-75f3-461b-89d4-2302015e1eb6,-22.3967622,-41.8005475,2022-01-03
72076e79-75f3-461b-89d4-2302015e1eb6,-22.396764,-41.8005875,2021-05-28
72076e79-75f3-461b-89d4-2302015e1eb6,-22.3967372,-41.8005381,2021-11-19
72076e79-75f3-461b-89d4-2302015e1eb6,-22.3968002,-41.8004888,2021-11-27
72076e79-75f3-461b-89d4-2302015e1eb6,-22.3711451,-41.7813714,2021-01-29
72076e79-75f3-461b-89d4-2302015e1eb6,-22.3968002,-41.8004888,2021-01-27
72076e79-75f3-461b-89d4-2302015e1eb6,-22.396726,-41.8005547,2022-01-03
72076e79-75f3-461b-89d4-2302015e1eb6,-22.3711451,-41.7813714,2021-11-29
72076e79-75f3-461b-89d4-2302015e1eb6,-22.3967637,-41.8005051,2021-11-11
72076e79-75f3-461b-89d4-2302015e1eb6,-22.3813918,-41.7853662,2022-02-12
7215c3c4-bf81-44d4-ad6c-f98d893184a5,-22.9466837,-43.3412759,2021-10-20
7215c3c4-bf81-44d4-ad6c-f98d893184a5,-22.9704892,-43.3724709,2021-10-14
7215c3c4-bf81-44d4-ad6c-f98d893184a5,-22.9435576,-43.3414469,2021-10-26
7215c3c4-bf81-44d4-ad6c-f98d893184a5,-22.9467526,-43.3412147,2021-06-09
7215c3c4-bf81-44d4-ad6c-f98d893184a5,-22.9468003,-43.3412284,2021-06-09
7215c3c4-bf81-44d4-ad6c-f98d893184a5,-22.954954954954953,-43.34209426122479,2021-06-09
7215c3c4-bf81-44d4-ad6c-f98d893184a5,-22.9467557,-43.3412294,2021-06-09
7215c3c4-bf81-44d4-ad6c-f98d893184a5,-22.9717391,-43.3721574,2021-06-09
7215c3c4-bf81-44d4-ad6c-f98d893184a5,-22.9467291,-43.3412333,2021-06-23
7215c3c4-bf81-44d4-ad6c-f98d893184a5,-22.9467211,-43.3412252,2021-06-23
7215c3c4-bf81-44d4-ad6c-f98d893184a5,-22.9467504,-43.3412251,2021-06-23
7215c3c4-bf81-44d4-ad6c-f98d893184a5,-22.9467931,-43.3412483,2021-06-18
7215c3c4-bf81-44d4-ad6c-f98d893184a5,-22.9466912,-43.3412688,2021-06-18
7215c3c4-bf81-44d4-ad6c-f98d893184a5,-22.9466795,-43.341253,2021-06-18
7215c3c4-bf81-44d4-ad6c-f98d893184a5,-22.94669,-43.3412599,2021-06-18
7215c3c4-bf81-44d4-ad6c-f98d893184a5,-22.9466846,-43.3412552,2021-06-18
7215c3c4-bf81-44d4-ad6c-f98d893184a5,-22.9650801,-43.3599187,2021-08-16
7215c3c4-bf81-44d4-ad6c-f98d893184a5,-22.9651007,-43.3599185,2021-08-16
7215c3c4-bf81-44d4-ad6c-f98d893184a5,-22.9466732,-43.3412552,2021-06-21
7215c3c4-bf81-44d4-ad6c-f98d893184a5,-22.9466855,-43.3412766,2021-07-05
7215c3c4-bf81-44d4-ad6c-f98d893184a5,-22.9466928,-43.3412805,2021-07-05
7215c3c4-bf81-44d4-ad6c-f98d893184a5,-22.9616874,-43.3600342,2021-08-23
7215c3c4-bf81-44d4-ad6c-f98d893184a5,-22.9466763,-43.3411961,2021-07-11
7215c3c4-bf81-44d4-ad6c-f98d893184a5,-22.9466506,-43.3411921,2021-07-11
7215c3c4-bf81-44d4-ad6c-f98d893184a5,-22.9467251,-43.3412164,2021-07-11
7215c3c4-bf81-44d4-ad6c-f98d893184a5,-22.9466783,-43.3411888,2021-07-11
7215c3c4-bf81-44d4-ad6c-f98d893184a5,-22.9825295,-43.3634847,2021-06-27
7215c3c4-bf81-44d4-ad6c-f98d893184a5,-22.9466823,-43.3411961,2021-12-04
7215c3c4-bf81-44d4-ad6c-f98d893184a5,-22.9466823,-43.3411961,2021-01-04
7215c3c4-bf81-44d4-ad6c-f98d893184a5,-22.9365004,-43.3342294,2021-10-09
7215c3c4-bf81-44d4-ad6c-f98d893184a5,-22.936311,-43.3342851,2022-01-12
7215c3c4-bf81-44d4-ad6c-f98d893184a5,-22.9364493,-43.3342702,2021-08-08
7215c3c4-bf81-44d4-ad6c-f98d893184a5,-22.9364449,-43.3342502,2021-12-12
7215c3c4-bf81-44d4-ad6c-f98d893184a5,-22.9466669,-43.341286,2021-07-05
7215c3c4-bf81-44d4-ad6c-f98d893184a5,-22.943162,-43.3411964,2021-09-12
7215c3c4-bf81-44d4-ad6c-f98d893184a5,-22.9467048,-43.34128,2021-09-05
7215c3c4-bf81-44d4-ad6c-f98d893184a5,-22.9435987,-43.3406081,2022-01-23
7215c3c4-bf81-44d4-ad6c-f98d893184a5,-22.9467433,-43.34124,2021-10-14
7215c3c4-bf81-44d4-ad6c-f98d893184a5,-22.9467255,-43.3412253,2021-07-11
7215c3c4-bf81-44d4-ad6c-f98d893184a5,-22.965072,-43.3600031,2022-01-04
7215c3c4-bf81-44d4-ad6c-f98d893184a5,-22.965075,-43.3600055,2022-01-04
7215c3c4-bf81-44d4-ad6c-f98d893184a5,-22.943529,-43.3407814,2021-12-30
7215c3c4-bf81-44d4-ad6c-f98d893184a5,-22.9364449,-43.3342502,2021-01-12
7215c3c4-bf81-44d4-ad6c-f98d893184a5,-22.9365127,-43.3342144,2021-01-12
7215c3c4-bf81-44d4-ad6c-f98d893184a5,-22.9466781,-43.3412523,2021-06-21
7215c3c4-bf81-44d4-ad6c-f98d893184a5,-22.9365127,-43.3342144,2021-12-12
7215c3c4-bf81-44d4-ad6c-f98d893184a5,-22.9828224,-43.3642455,2021-11-13
7215c3c4-bf81-44d4-ad6c-f98d893184a5,-22.9626801,-43.3567085,2021-11-13
7215c3c4-bf81-44d4-ad6c-f98d893184a5,-22.9977666,-43.3583413,2021-06-26
7215c3c4-bf81-44d4-ad6c-f98d893184a5,-22.9974221,-43.3586989,2021-06-26
7215c3c4-bf81-44d4-ad6c-f98d893184a5,-22.9527106,-43.3539128,2021-06-26
7215c3c4-bf81-44d4-ad6c-f98d893184a5,-23.0102441,-43.3442635,2021-06-26
7215c3c4-bf81-44d4-ad6c-f98d893184a5,-22.9466408,-43.3412239,2021-07-13
7215c3c4-bf81-44d4-ad6c-f98d893184a5,-22.981721,-43.3649139,2021-06-27
7215c3c4-bf81-44d4-ad6c-f98d893184a5,-22.9364927,-43.3342249,2021-07-14
7215c3c4-bf81-44d4-ad6c-f98d893184a5,-22.9364686,-43.3342453,2021-07-14
7215c3c4-bf81-44d4-ad6c-f98d893184a5,-22.946721,-43.341262,2021-12-13
7215c3c4-bf81-44d4-ad6c-f98d893184a5,-22.946766,-43.3411877,2021-08-09
7215c3c4-bf81-44d4-ad6c-f98d893184a5,-22.954954954954953,-43.34209426122479,2021-06-08
7215c3c4-bf81-44d4-ad6c-f98d893184a5,-22.9430082,-43.3412279,2021-12-30
7215c3c4-bf81-44d4-ad6c-f98d893184a5,-22.9429898,-43.3414679,2021-12-30
7215c3c4-bf81-44d4-ad6c-f98d893184a5,-22.9466597,-43.3412472,2021-07-11
7215c3c4-bf81-44d4-ad6c-f98d893184a5,-22.9467186,-43.3412324,2021-07-11
7215c3c4-bf81-44d4-ad6c-f98d893184a5,-22.9466692,-43.3412521,2021-07-11
7215c3c4-bf81-44d4-ad6c-f98d893184a5,-22.9466593,-43.3412809,2021-06-24
7215c3c4-bf81-44d4-ad6c-f98d893184a5,-22.9650533,-43.3599252,2021-08-11
7215c3c4-bf81-44d4-ad6c-f98d893184a5,-22.9710342,-43.3723488,2021-06-09
7215c3c4-bf81-44d4-ad6c-f98d893184a5,-22.9466841,-43.3412674,2021-06-18
7215c3c4-bf81-44d4-ad6c-f98d893184a5,-22.9466889,-43.3412583,2021-06-18
7215c3c4-bf81-44d4-ad6c-f98d893184a5,-22.9650318,-43.3599885,2021-09-02
7215c3c4-bf81-44d4-ad6c-f98d893184a5,-22.9826749,-43.3641191,2021-10-02
7215c3c4-bf81-44d4-ad6c-f98d893184a5,-22.9826806,-43.3641388,2021-10-02
7215c3c4-bf81-44d4-ad6c-f98d893184a5,-22.9466259,-43.3411874,2021-08-02
7215c3c4-bf81-44d4-ad6c-f98d893184a5,-22.9467521,-43.3412549,2021-07-14
7215c3c4-bf81-44d4-ad6c-f98d893184a5,-22.9468015,-43.3412367,2021-07-14
7215c3c4-bf81-44d4-ad6c-f98d893184a5,-22.946792,-43.3412434,2021-07-14
7215c3c4-bf81-44d4-ad6c-f98d893184a5,-22.9467688,-43.341258,2021-07-14
7215c3c4-bf81-44d4-ad6c-f98d893184a5,-22.9467934,-43.341269,2021-07-14
7215c3c4-bf81-44d4-ad6c-f98d893184a5,-22.946778,-43.3412394,2021-07-14
7215c3c4-bf81-44d4-ad6c-f98d893184a5,-22.9650741,-43.3599388,2021-08-20
7215c3c4-bf81-44d4-ad6c-f98d893184a5,-22.9467043,-43.3412328,2021-06-30
7215c3c4-bf81-44d4-ad6c-f98d893184a5,-22.9467752,-43.3412286,2021-06-30
7215c3c4-bf81-44d4-ad6c-f98d893184a5,-22.9466827,-43.3412269,2021-06-17
7215c3c4-bf81-44d4-ad6c-f98d893184a5,-22.9466758,-43.3412393,2021-06-17
7215c3c4-bf81-44d4-ad6c-f98d893184a5,-22.9467524,-43.3412372,2021-06-17
7215c3c4-bf81-44d4-ad6c-f98d893184a5,-22.9468003,-43.3412343,2021-06-17
7215c3c4-bf81-44d4-ad6c-f98d893184a5,-22.9468036,-43.341232,2021-06-17
7215c3c4-bf81-44d4-ad6c-f98d893184a5,-22.965254,-43.360341,2021-08-03
7215c3c4-bf81-44d4-ad6c-f98d893184a5,-22.9528307,-43.3543074,2021-08-03
7215c3c4-bf81-44d4-ad6c-f98d893184a5,-22.946681,-43.3412684,2021-07-12
7215c3c4-bf81-44d4-ad6c-f98d893184a5,-22.9466942,-43.3412304,2021-07-12
7215c3c4-bf81-44d4-ad6c-f98d893184a5,-22.9466779,-43.3412681,2021-07-12
7215c3c4-bf81-44d4-ad6c-f98d893184a5,-22.9467016,-43.3412123,2021-06-24
7215c3c4-bf81-44d4-ad6c-f98d893184a5,-22.9466883,-43.3412633,2021-08-15
7215c3c4-bf81-44d4-ad6c-f98d893184a5,-22.9826247,-43.3640495,2021-08-22
7215c3c4-bf81-44d4-ad6c-f98d893184a5,-22.9466372,-43.3411884,2021-08-22
7215c3c4-bf81-44d4-ad6c-f98d893184a5,-22.9467832,-43.3412475,2021-06-20
7215c3c4-bf81-44d4-ad6c-f98d893184a5,-22.8883667,-43.2199512,2021-10-01
7215c3c4-bf81-44d4-ad6c-f98d893184a5,-22.9465813,-43.3411676,2021-10-04
7215c3c4-bf81-44d4-ad6c-f98d893184a5,-22.9468583,-43.3412508,2021-08-02
7215c3c4-bf81-44d4-ad6c-f98d893184a5,-22.9432524,-43.3414414,2021-11-08
7215c3c4-bf81-44d4-ad6c-f98d893184a5,-22.9710314,-43.3723425,2021-06-24
7215c3c4-bf81-44d4-ad6c-f98d893184a5,-22.9704495,-43.3725767,2021-06-24
7215c3c4-bf81-44d4-ad6c-f98d893184a5,-22.9710264,-43.3723681,2021-06-24
7215c3c4-bf81-44d4-ad6c-f98d893184a5,-22.9364431,-43.33425,2022-01-12
7215c3c4-bf81-44d4-ad6c-f98d893184a5,-22.9656547,-43.353374,2021-07-21
7215c3c4-bf81-44d4-ad6c-f98d893184a5,-22.9828443,-43.3620633,2021-08-14
7215c3c4-bf81-44d4-ad6c-f98d893184a5,-22.9467062,-43.3412689,2021-11-08
7215c3c4-bf81-44d4-ad6c-f98d893184a5,-22.965062,-43.3599479,2021-09-08
7215c3c4-bf81-44d4-ad6c-f98d893184a5,-22.9467608,-43.3412443,2021-08-23
7215c3c4-bf81-44d4-ad6c-f98d893184a5,-22.9466719,-43.3412925,2021-07-05
7215c3c4-bf81-44d4-ad6c-f98d893184a5,-22.9466819,-43.3412779,2021-07-05
7215c3c4-bf81-44d4-ad6c-f98d893184a5,-22.9466754,-43.3412797,2021-07-05
7215c3c4-bf81-44d4-ad6c-f98d893184a5,-22.9467272,-43.3412789,2021-09-05
7215c3c4-bf81-44d4-ad6c-f98d893184a5,-22.9466184,-43.3413375,2021-06-18
7215c3c4-bf81-44d4-ad6c-f98d893184a5,-22.9651111,-43.3599237,2021-08-16
7215c3c4-bf81-44d4-ad6c-f98d893184a5,-22.9382303,-43.3390302,2021-10-09
7215c3c4-bf81-44d4-ad6c-f98d893184a5,-22.9467906,-43.3412513,2021-06-17
7215c3c4-bf81-44d4-ad6c-f98d893184a5,-22.946773,-43.3412576,2021-06-17
7215c3c4-bf81-44d4-ad6c-f98d893184a5,-22.9467786,-43.3412521,2021-06-17
7215c3c4-bf81-44d4-ad6c-f98d893184a5,-22.9650655,-43.3599167,2021-08-11
7215c3c4-bf81-44d4-ad6c-f98d893184a5,-22.9650735,-43.3599186,2021-08-11
7215c3c4-bf81-44d4-ad6c-f98d893184a5,-22.946568,-43.3414043,2021-06-24
7215c3c4-bf81-44d4-ad6c-f98d893184a5,-22.9535548,-43.3511105,2021-06-24
7215c3c4-bf81-44d4-ad6c-f98d893184a5,-22.9704713,-43.3725377,2021-06-24
7215c3c4-bf81-44d4-ad6c-f98d893184a5,-22.9704767,-43.3725122,2021-06-24
7215c3c4-bf81-44d4-ad6c-f98d893184a5,-22.9467809,-43.3412339,2021-06-24
7215c3c4-bf81-44d4-ad6c-f98d893184a5,-22.946718,-43.3413949,2021-08-14
7215c3c4-bf81-44d4-ad6c-f98d893184a5,-22.9828719,-43.3639268,2021-08-14
7215c3c4-bf81-44d4-ad6c-f98d893184a5,-22.9364941,-43.3342469,2021-09-29
7215c3c4-bf81-44d4-ad6c-f98d893184a5,-22.936458,-43.334238,2021-11-06
7215c3c4-bf81-44d4-ad6c-f98d893184a5,-22.9656371,-43.3533874,2021-07-21
7215c3c4-bf81-44d4-ad6c-f98d893184a5,-22.9650112,-43.3599458,2021-08-03
7215c3c4-bf81-44d4-ad6c-f98d893184a5,-22.9467041,-43.3412411,2021-06-23
7215c3c4-bf81-44d4-ad6c-f98d893184a5,-22.9467899,-43.3412488,2021-07-14
7215c3c4-bf81-44d4-ad6c-f98d893184a5,-22.9467629,-43.3412119,2021-07-15
7215c3c4-bf81-44d4-ad6c-f98d893184a5,-22.9466961,-43.3412751,2021-08-15
7215c3c4-bf81-44d4-ad6c-f98d893184a5,-22.9467634,-43.3412341,2021-06-24
7215c3c4-bf81-44d4-ad6c-f98d893184a5,-22.9638267,-43.3595904,2021-08-23
7215c3c4-bf81-44d4-ad6c-f98d893184a5,-22.9650525,-43.3599798,2021-11-08
7215c3c4-bf81-44d4-ad6c-f98d893184a5,-22.9237201,-43.2260639,2021-12-25
7215c3c4-bf81-44d4-ad6c-f98d893184a5,-22.9466929,-43.3412713,2021-06-20
7215c3c4-bf81-44d4-ad6c-f98d893184a5,-22.9467301,-43.3412121,2021-06-30
7215c3c4-bf81-44d4-ad6c-f98d893184a5,-22.9650021,-43.3605933,2021-09-03
7215c3c4-bf81-44d4-ad6c-f98d893184a5,-22.8877067,-43.2203462,2021-10-01
7215c3c4-bf81-44d4-ad6c-f98d893184a5,-22.9466512,-43.341218,2021-06-24
7215c3c4-bf81-44d4-ad6c-f98d893184a5,-22.9466785,-43.341241,2021-06-17
7215c3c4-bf81-44d4-ad6c-f98d893184a5,-22.9647085,-43.3604978,2021-07-20
7215c3c4-bf81-44d4-ad6c-f98d893184a5,-22.9648474,-43.3604765,2021-07-20
7215c3c4-bf81-44d4-ad6c-f98d893184a5,-22.9648313,-43.3604678,2021-07-20
7215c3c4-bf81-44d4-ad6c-f98d893184a5,-22.9465908,-43.3414186,2021-09-29
7215c3c4-bf81-44d4-ad6c-f98d893184a5,-22.9467137,-43.3412543,2021-06-23
7215c3c4-bf81-44d4-ad6c-f98d893184a5,-22.9467507,-43.3412066,2021-06-23
7215c3c4-bf81-44d4-ad6c-f98d893184a5,-22.9467022,-43.3411158,2021-09-12
7215c3c4-bf81-44d4-ad6c-f98d893184a5,-22.9821027,-43.3630361,2021-06-27
7218332d-8ba4-468e-b020-e396570d653e,-22.7992962,-43.2009496,2022-01-27
7218332d-8ba4-468e-b020-e396570d653e,-22.799283,-43.2009619,2022-01-27
7220a865-95db-421f-80d7-16c2f821f790,-23.56756756756757,-46.51007295885819,2021-08-14
7220a865-95db-421f-80d7-16c2f821f790,-23.56756756756757,-46.529730639736826,2021-08-13
7220c0d9-bdf9-4ac0-aaec-820b3d1e6213,-23.65765765765766,-46.758436442709616,2021-06-27
7220c0d9-bdf9-4ac0-aaec-820b3d1e6213,-23.6496511,-46.7516274,2021-08-08
7220c0d9-bdf9-4ac0-aaec-820b3d1e6213,-23.6522508,-46.7515614,2021-08-09
7220c0d9-bdf9-4ac0-aaec-820b3d1e6213,-23.63963963963964,-46.751997861423746,2021-08-07
7220c0d9-bdf9-4ac0-aaec-820b3d1e6213,-23.6511974,-46.7511013,2021-08-07
7220c0d9-bdf9-4ac0-aaec-820b3d1e6213,-23.6479206,-46.7492093,2021-08-07
7220c0d9-bdf9-4ac0-aaec-820b3d1e6213,-23.6513956,-46.7510562,2021-08-07
7220c0d9-bdf9-4ac0-aaec-820b3d1e6213,-23.648935,-46.7504184,2021-08-07
7220c0d9-bdf9-4ac0-aaec-820b3d1e6213,-23.6513009,-46.7511018,2021-08-07
7220c0d9-bdf9-4ac0-aaec-820b3d1e6213,-23.6513595,-46.7510834,2021-08-07
7220c0d9-bdf9-4ac0-aaec-820b3d1e6213,-23.65765765765766,-46.758436442709616,2021-11-06
7220c0d9-bdf9-4ac0-aaec-820b3d1e6213,-23.6522496,-46.7515686,2021-08-16
7220c0d9-bdf9-4ac0-aaec-820b3d1e6213,-23.63963963963964,-46.751997861423746,2021-09-19
7220c0d9-bdf9-4ac0-aaec-820b3d1e6213,-23.647459,-46.7513252,2021-08-14
7220c0d9-bdf9-4ac0-aaec-820b3d1e6213,-23.65765765765766,-46.758436442709616,2021-09-07
7220c0d9-bdf9-4ac0-aaec-820b3d1e6213,-23.6522624,-46.7515616,2021-08-08
7220c0d9-bdf9-4ac0-aaec-820b3d1e6213,-23.6480938,-46.749365,2021-08-09
7220c0d9-bdf9-4ac0-aaec-820b3d1e6213,-23.6488438,-46.7505969,2021-08-23
72255ff5-e5e4-4c35-8976-593f48ee363d,-22.864864864864863,-43.46973865416013,2021-12-22
72255ff5-e5e4-4c35-8976-593f48ee363d,-22.9009009009009,-43.48127950747851,2021-12-30
72255ff5-e5e4-4c35-8976-593f48ee363d,-22.9009009009009,-43.48127950747851,2021-12-24
72255ff5-e5e4-4c35-8976-593f48ee363d,-22.882882882882882,-43.475506165193266,2022-02-08
72255ff5-e5e4-4c35-8976-593f48ee363d,-22.864864864864863,-43.46973865416013,2022-02-05
7229b90a-457f-4186-af95-9f58ff62c927,-23.585585585585587,-46.65407895741429,2021-12-08
7229b90a-457f-4186-af95-9f58ff62c927,-23.585585585585587,-46.65407895741429,2021-01-08
7229b90a-457f-4186-af95-9f58ff62c927,-23.56756756756757,-46.64767672500866,2021-10-23
7229b90a-457f-4186-af95-9f58ff62c927,-23.56756756756757,-46.64767672500866,2021-12-11
7229b90a-457f-4186-af95-9f58ff62c927,-23.56756756756757,-46.64767672500866,2021-11-07
7229b90a-457f-4186-af95-9f58ff62c927,-23.56756756756757,-46.64767672500866,2021-11-29
7229b90a-457f-4186-af95-9f58ff62c927,-23.56756756756757,-46.64767672500866,2021-11-22
7229b90a-457f-4186-af95-9f58ff62c927,-23.56756756756757,-46.64767672500866,2021-01-22
7229b90a-457f-4186-af95-9f58ff62c927,-23.56756756756757,-46.64767672500866,2021-08-12
7229b90a-457f-4186-af95-9f58ff62c927,-23.56756756756757,-46.64767672500866,2021-12-02
7229b90a-457f-4186-af95-9f58ff62c927,-23.56756756756757,-46.64767672500866,2021-11-15
7229b90a-457f-4186-af95-9f58ff62c927,-23.56756756756757,-46.64767672500866,2022-01-26
7229b90a-457f-4186-af95-9f58ff62c927,-23.5763657,-46.649612,2021-04-01
7229b90a-457f-4186-af95-9f58ff62c927,-23.5763767,-46.649615,2021-04-01
7229b90a-457f-4186-af95-9f58ff62c927,-23.5763561,-46.649622,2021-04-01
7229b90a-457f-4186-af95-9f58ff62c927,-23.5733317,-46.6490047,2021-03-24
7229b90a-457f-4186-af95-9f58ff62c927,-23.571875,-46.6454918,2021-04-02
7229b90a-457f-4186-af95-9f58ff62c927,-23.5732533,-46.6489395,2021-03-14
7229b90a-457f-4186-af95-9f58ff62c927,-23.5732607,-46.6490093,2021-04-10
7229b90a-457f-4186-af95-9f58ff62c927,-23.56756756756757,-46.64767672500866,2021-01-11
7229b90a-457f-4186-af95-9f58ff62c927,-23.56756756756757,-46.64767672500866,2021-01-29
7229b90a-457f-4186-af95-9f58ff62c927,-23.56756756756757,-46.64767672500866,2021-11-12
7229b90a-457f-4186-af95-9f58ff62c927,-23.56756756756757,-46.64767672500866,2021-11-21
7229b90a-457f-4186-af95-9f58ff62c927,-23.573166,-46.6490227,2021-01-20
7229b90a-457f-4186-af95-9f58ff62c927,-23.56756756756757,-46.64767672500866,2021-08-14
7229b90a-457f-4186-af95-9f58ff62c927,-23.56756756756757,-46.667334405887296,2021-10-18
7229b90a-457f-4186-af95-9f58ff62c927,-23.56756756756757,-46.667334405887296,2021-08-16
7229b90a-457f-4186-af95-9f58ff62c927,-23.5733173,-46.6489482,2021-04-13
7229b90a-457f-4186-af95-9f58ff62c927,-23.56756756756757,-46.64767672500866,2021-11-20
7229b90a-457f-4186-af95-9f58ff62c927,-23.5763461,-46.6496091,2020-12-15
7229b90a-457f-4186-af95-9f58ff62c927,-23.5763739,-46.6495079,2020-12-02
7229b90a-457f-4186-af95-9f58ff62c927,-23.56756756756757,-46.64767672500866,2022-01-20
7229b90a-457f-4186-af95-9f58ff62c927,-23.56756756756757,-46.64767672500866,2022-02-18
7229b90a-457f-4186-af95-9f58ff62c927,-23.56756756756757,-46.64767672500866,2022-02-01
7229b90a-457f-4186-af95-9f58ff62c927,-23.56756756756757,-46.64767672500866,2021-08-18
7229b90a-457f-4186-af95-9f58ff62c927,-23.56756756756757,-46.64767672500866,2021-01-02
7229b90a-457f-4186-af95-9f58ff62c927,-23.8018018018018,-45.39228236988523,2022-01-07
7229b90a-457f-4186-af95-9f58ff62c927,-23.5733405,-46.6490529,2021-02-15
7229b90a-457f-4186-af95-9f58ff62c927,-23.5763238,-46.6496093,2021-01-18
7229b90a-457f-4186-af95-9f58ff62c927,-23.56756756756757,-46.58870368237274,2021-09-11
7229b90a-457f-4186-af95-9f58ff62c927,-23.5763513,-46.6496235,2021-02-11
7229b90a-457f-4186-af95-9f58ff62c927,-23.54954954954955,-46.621625875773006,2021-08-15
7229b90a-457f-4186-af95-9f58ff62c927,-23.5730752,-46.6490387,2021-01-30
7229b90a-457f-4186-af95-9f58ff62c927,-23.5763455,-46.6496202,2021-01-30
7229b90a-457f-4186-af95-9f58ff62c927,-23.56756756756757,-46.64767672500866,2021-11-13
7229b90a-457f-4186-af95-9f58ff62c927,-23.56756756756757,-46.64767672500866,2021-10-16
7229b90a-457f-4186-af95-9f58ff62c927,-23.5763612,-46.6496105,2021-04-10
7229b90a-457f-4186-af95-9f58ff62c927,-23.9681655,-46.333337,2021-02-14
722ee0d9-35cd-458a-9947-c6bfe8de86c0,-25.476348876953125,-48.83603891498097,2021-01-10
722ee0d9-35cd-458a-9947-c6bfe8de86c0,-23.785507202148438,-45.62583976022333,2021-03-19
722ee0d9-35cd-458a-9947-c6bfe8de86c0,-23.785491943359375,-45.62583478142264,2021-03-19
722ee0d9-35cd-458a-9947-c6bfe8de86c0,-23.785476684570312,-45.62584540006559,2021-03-19
722ee0d9-35cd-458a-9947-c6bfe8de86c0,-23.606613159179688,-46.67693213312136,2020-12-10
722ee0d9-35cd-458a-9947-c6bfe8de86c0,-23.606781005859375,-46.67693607895526,2020-12-10
722ee0d9-35cd-458a-9947-c6bfe8de86c0,-23.606658935546875,-46.6771157112445,2021-05-08
722ee0d9-35cd-458a-9947-c6bfe8de86c0,-23.606719970703125,-46.67695779886169,2021-01-03
722ee0d9-35cd-458a-9947-c6bfe8de86c0,-23.606719970703125,-46.676957620447055,2021-01-03
722ee0d9-35cd-458a-9947-c6bfe8de86c0,-23.52972412109375,-45.22169906472409,2021-05-03
722ee0d9-35cd-458a-9947-c6bfe8de86c0,-23.60675048828125,-46.67697613028088,2021-06-29
722ee0d9-35cd-458a-9947-c6bfe8de86c0,-23.606781005859375,-46.67704924455489,2021-06-29
722ee0d9-35cd-458a-9947-c6bfe8de86c0,-23.606658935546875,-46.676966245962625,2021-01-03
722ee0d9-35cd-458a-9947-c6bfe8de86c0,-23.606674194335938,-46.67698155804275,2021-01-03
722ee0d9-35cd-458a-9947-c6bfe8de86c0,-23.60662841796875,-46.67696754899696,2021-01-03
722ee0d9-35cd-458a-9947-c6bfe8de86c0,-23.606674194335938,-46.67698071350996,2021-01-03
722ee0d9-35cd-458a-9947-c6bfe8de86c0,-23.606719970703125,-46.67695762044705,2021-01-03
722ee0d9-35cd-458a-9947-c6bfe8de86c0,-23.529983520507812,-45.22185268727481,2021-05-04
722ee0d9-35cd-458a-9947-c6bfe8de86c0,-23.530120849609375,-45.22204329429669,2021-05-04
722ee0d9-35cd-458a-9947-c6bfe8de86c0,-23.52984619140625,-45.22185068843285,2021-05-04
722ee0d9-35cd-458a-9947-c6bfe8de86c0,-23.529815673828125,-45.22179477277354,2021-05-04
722ee0d9-35cd-458a-9947-c6bfe8de86c0,-23.529739379882812,-45.221515955208424,2021-05-04
722ee0d9-35cd-458a-9947-c6bfe8de86c0,-23.529678344726562,-45.2214536262597,2021-05-04
722ee0d9-35cd-458a-9947-c6bfe8de86c0,-23.529571533203125,-45.22135104477978,2021-05-04
722ee0d9-35cd-458a-9947-c6bfe8de86c0,-25.476242065429688,-48.83564307437965,2021-01-10
722ee0d9-35cd-458a-9947-c6bfe8de86c0,-25.476226806640625,-48.835456236573094,2021-01-10
722ee0d9-35cd-458a-9947-c6bfe8de86c0,-23.606689453125,-46.67693194723331,2021-01-14
722ee0d9-35cd-458a-9947-c6bfe8de86c0,-23.606674194335938,-46.67695716563913,2021-01-12
722ee0d9-35cd-458a-9947-c6bfe8de86c0,-23.592010498046875,-46.670559369503216,2021-06-29
722ee0d9-35cd-458a-9947-c6bfe8de86c0,-23.592025756835938,-46.6706511673454,2021-06-29
722ee0d9-35cd-458a-9947-c6bfe8de86c0,-23.591888427734375,-46.67080350998289,2021-06-29
722ee0d9-35cd-458a-9947-c6bfe8de86c0,-23.592025756835938,-46.67074579538756,2021-06-29
722ee0d9-35cd-458a-9947-c6bfe8de86c0,-23.591888427734375,-46.670798588159954,2021-06-29
722ee0d9-35cd-458a-9947-c6bfe8de86c0,-23.606643676757812,-46.67702880852733,2021-05-08
722ee0d9-35cd-458a-9947-c6bfe8de86c0,-23.606658935546875,-46.67710823728391,2021-05-08
722ee0d9-35cd-458a-9947-c6bfe8de86c0,-23.7855224609375,-45.6258804477008,2021-03-19
722ee0d9-35cd-458a-9947-c6bfe8de86c0,-23.785507202148438,-45.62584612997247,2021-03-19
722ee0d9-35cd-458a-9947-c6bfe8de86c0,-23.785507202148438,-45.62584196970876,2021-03-19
722ee0d9-35cd-458a-9947-c6bfe8de86c0,-23.785476684570312,-45.62584608019554,2021-03-19
722ee0d9-35cd-458a-9947-c6bfe8de86c0,-23.785491943359375,-45.62587259008318,2021-03-19
722ee0d9-35cd-458a-9947-c6bfe8de86c0,-23.785491943359375,-45.62587916317479,2021-03-19
722ee0d9-35cd-458a-9947-c6bfe8de86c0,-23.606689453125,-46.67693378527285,2021-05-14
722ee0d9-35cd-458a-9947-c6bfe8de86c0,-23.529449462890625,-45.221225298715225,2021-05-04
722ee0d9-35cd-458a-9947-c6bfe8de86c0,-23.606735229492188,-46.6769780013964,2021-05-14
722ee0d9-35cd-458a-9947-c6bfe8de86c0,-23.927154541015625,-45.44799507454882,2021-03-22
722ee0d9-35cd-458a-9947-c6bfe8de86c0,-23.927139282226562,-45.447997572305646,2021-03-22
722ee0d9-35cd-458a-9947-c6bfe8de86c0,-23.60675048828125,-46.6770824551676,2021-03-29
722ee0d9-35cd-458a-9947-c6bfe8de86c0,-23.606658935546875,-46.6769604368706,2021-01-17
722ee0d9-35cd-458a-9947-c6bfe8de86c0,-23.606765747070312,-46.677093558770395,2021-03-31
722ee0d9-35cd-458a-9947-c6bfe8de86c0,-23.606643676757812,-46.67696197187384,2021-04-06
722ee0d9-35cd-458a-9947-c6bfe8de86c0,-23.606597900390625,-46.676954066404996,2021-04-06
7246e61f-608f-402e-9b7a-8da1ddacec0c,-23.62162162162162,-46.70623410970466,2021-01-26
7246e61f-608f-402e-9b7a-8da1ddacec0c,-23.62162162162162,-46.68656832692162,2022-01-12
7246e61f-608f-402e-9b7a-8da1ddacec0c,-23.62162162162162,-46.70623410970466,2021-01-24
7246e61f-608f-402e-9b7a-8da1ddacec0c,-23.62162162162162,-46.70623410970466,2021-11-24
7246e61f-608f-402e-9b7a-8da1ddacec0c,-23.62162162162162,-46.68656832692162,2022-01-06
7246e61f-608f-402e-9b7a-8da1ddacec0c,-23.783783783783782,-46.74461520344174,2021-12-12
7246e61f-608f-402e-9b7a-8da1ddacec0c,-23.62162162162162,-46.68656832692162,2021-11-12
7246e61f-608f-402e-9b7a-8da1ddacec0c,-23.62162162162162,-46.70623410970466,2021-11-26
7246e61f-608f-402e-9b7a-8da1ddacec0c,-23.783783783783782,-46.74461520344174,2021-01-12
7246e61f-608f-402e-9b7a-8da1ddacec0c,-23.62162162162162,-46.68656832692162,2021-12-28
7246e61f-608f-402e-9b7a-8da1ddacec0c,-23.675675675675677,-46.70585969638534,2022-02-02
7246e61f-608f-402e-9b7a-8da1ddacec0c,-23.71171171171171,-46.69907323753465,2022-02-02
72566b12-7bdb-486d-aab0-41ae48c16749,-22.91891891891892,-43.27187305896211,2021-01-30
72566b12-7bdb-486d-aab0-41ae48c16749,-22.91891891891892,-43.27187305896211,2021-12-08
72566b12-7bdb-486d-aab0-41ae48c16749,-22.99099099099099,-43.35365177114009,2021-12-08
72566b12-7bdb-486d-aab0-41ae48c16749,-22.91891891891892,-43.27187305896211,2021-01-08
72566b12-7bdb-486d-aab0-41ae48c16749,-22.99099099099099,-43.35365177114009,2021-01-08
72566b12-7bdb-486d-aab0-41ae48c16749,-22.91891891891892,-43.27187305896211,2021-11-29
72566b12-7bdb-486d-aab0-41ae48c16749,-22.91891891891892,-43.27187305896211,2021-11-23
72566b12-7bdb-486d-aab0-41ae48c16749,-22.91891891891892,-43.27187305896211,2021-01-23
72566b12-7bdb-486d-aab0-41ae48c16749,-22.91891891891892,-43.27187305896211,2021-12-01
72566b12-7bdb-486d-aab0-41ae48c16749,-22.91891891891892,-43.25231072936945,2021-01-07
72566b12-7bdb-486d-aab0-41ae48c16749,-22.91891891891892,-43.27187305896211,2021-11-30
72566b12-7bdb-486d-aab0-41ae48c16749,-22.91891891891892,-43.27187305896211,2021-11-12
72566b12-7bdb-486d-aab0-41ae48c16749,-22.9009009009009,-43.266122478876504,2021-12-17
72566b12-7bdb-486d-aab0-41ae48c16749,-22.91891891891892,-43.25231072936945,2021-11-11
72566b12-7bdb-486d-aab0-41ae48c16749,-22.91891891891892,-43.25231072936945,2021-12-07
72566b12-7bdb-486d-aab0-41ae48c16749,-22.91891891891892,-43.27187305896211,2021-01-29
72566b12-7bdb-486d-aab0-41ae48c16749,-22.91891891891892,-43.27187305896211,2021-01-01
72566b12-7bdb-486d-aab0-41ae48c16749,-22.91891891891892,-43.25231072936945,2021-12-28
72566b12-7bdb-486d-aab0-41ae48c16749,-22.91891891891892,-43.25231072936945,2021-12-15
72566b12-7bdb-486d-aab0-41ae48c16749,-22.91891891891892,-43.27187305896211,2022-01-06
72566b12-7bdb-486d-aab0-41ae48c16749,-22.91891891891892,-43.27187305896211,2022-01-05
72566b12-7bdb-486d-aab0-41ae48c16749,-22.91891891891892,-43.27187305896211,2021-12-29
72566b12-7bdb-486d-aab0-41ae48c16749,-22.91891891891892,-43.27187305896211,2022-01-07
726526c6-252d-4497-8296-b962959de3d7,-21.783783783783782,-43.36707415349972,2021-05-04
726526c6-252d-4497-8296-b962959de3d7,-21.783783783783782,-43.40588137869301,2021-04-14
726526c6-252d-4497-8296-b962959de3d7,-21.783783783783782,-43.36707415349972,2022-01-07
726526c6-252d-4497-8296-b962959de3d7,-21.783783783783782,-43.34767054090308,2021-05-07
726526c6-252d-4497-8296-b962959de3d7,-21.783783783783782,-43.36707415349972,2021-05-03
726526c6-252d-4497-8296-b962959de3d7,-21.765765765765767,-43.3422255506587,2021-11-03
726526c6-252d-4497-8296-b962959de3d7,-21.765765765765767,-43.36162672592757,2021-08-30
726526c6-252d-4497-8296-b962959de3d7,-21.783783783783782,-43.38647776609637,2021-04-14
726526c6-252d-4497-8296-b962959de3d7,-21.783783783783782,-43.34767054090308,2021-04-14
726526c6-252d-4497-8296-b962959de3d7,-21.765765765765767,-43.3422255506587,2021-09-02
726e0511-c72b-414b-b9e4-9d119d0bb48c,-22.7633193,-43.5226699,2021-04-20
726e0511-c72b-414b-b9e4-9d119d0bb48c,-22.7633833,-43.5227417,2021-04-20
72896529-54f7-479b-a6f4-71d7ce872e77,-22.954954954954953,-43.205121502837166,2021-10-26
72896529-54f7-479b-a6f4-71d7ce872e77,-22.82882882882883,-43.34092496865869,2021-08-26
72896529-54f7-479b-a6f4-71d7ce872e77,-22.82882882882883,-43.34092496865869,2021-01-27
72896529-54f7-479b-a6f4-71d7ce872e77,-22.954954954954953,-43.205121502837166,2021-01-06
72896529-54f7-479b-a6f4-71d7ce872e77,-22.82882882882883,-43.34092496865869,2021-09-01
72896529-54f7-479b-a6f4-71d7ce872e77,-22.82882882882883,-43.34092496865869,2021-08-28
72896529-54f7-479b-a6f4-71d7ce872e77,-22.82882882882883,-43.34092496865869,2021-10-16
72896529-54f7-479b-a6f4-71d7ce872e77,-22.9009009009009,-43.246562749003594,2021-10-22
72896529-54f7-479b-a6f4-71d7ce872e77,-22.972972972972972,-43.15216865723598,2021-06-30
72896529-54f7-479b-a6f4-71d7ce872e77,-22.82882882882883,-43.34092496865869,2021-10-22
72896529-54f7-479b-a6f4-71d7ce872e77,-22.936936936936938,-43.121109992837134,2021-10-19
72896529-54f7-479b-a6f4-71d7ce872e77,-22.82882882882883,-43.34092496865869,2021-11-30
72896529-54f7-479b-a6f4-71d7ce872e77,-22.82882882882883,-43.34092496865869,2021-10-17
72896529-54f7-479b-a6f4-71d7ce872e77,-22.82882882882883,-43.34092496865869,2021-09-09
72896529-54f7-479b-a6f4-71d7ce872e77,-22.82882882882883,-43.34092496865869,2021-01-30
72896529-54f7-479b-a6f4-71d7ce872e77,-22.954954954954953,-43.205121502837166,2021-12-06
72896529-54f7-479b-a6f4-71d7ce872e77,-22.82882882882883,-43.34092496865869,2021-09-13
72896529-54f7-479b-a6f4-71d7ce872e77,-22.82882882882883,-43.34092496865869,2021-11-27
72896529-54f7-479b-a6f4-71d7ce872e77,-22.82882882882883,-43.34092496865869,2021-10-31
72896529-54f7-479b-a6f4-71d7ce872e77,-22.82882882882883,-43.34092496865869,2021-10-18
72896529-54f7-479b-a6f4-71d7ce872e77,-22.82882882882883,-43.34092496865869,2021-10-30
72896529-54f7-479b-a6f4-71d7ce872e77,-22.82882882882883,-43.34092496865869,2021-08-27
72896529-54f7-479b-a6f4-71d7ce872e77,-22.954954954954953,-43.165986429012136,2021-07-29
72896529-54f7-479b-a6f4-71d7ce872e77,-22.972972972972972,-43.19130894626749,2021-10-20
72896529-54f7-479b-a6f4-71d7ce872e77,-22.82882882882883,-43.34092496865869,2021-10-29
728a4348-26c3-4dce-9283-0f2aab3e3cfe,-21.225225225225223,-43.780696189490456,2021-01-30
728a4348-26c3-4dce-9283-0f2aab3e3cfe,-21.243243243243242,-43.78604619093805,2021-01-30
728a4348-26c3-4dce-9283-0f2aab3e3cfe,-21.225225225225223,-43.780696189490456,2021-12-03
728a4348-26c3-4dce-9283-0f2aab3e3cfe,-22.9404849,-43.0438277,2021-02-22
728a4348-26c3-4dce-9283-0f2aab3e3cfe,-22.958589,-43.0626044,2021-02-22
728a4348-26c3-4dce-9283-0f2aab3e3cfe,-22.9586032,-43.0626076,2021-02-22
728a4348-26c3-4dce-9283-0f2aab3e3cfe,-22.9430086,-43.0576757,2021-02-22
728a4348-26c3-4dce-9283-0f2aab3e3cfe,-22.9430879,-43.057573,2021-02-22
728a4348-26c3-4dce-9283-0f2aab3e3cfe,-22.954954954954953,-43.06814874444955,2021-04-19
728a4348-26c3-4dce-9283-0f2aab3e3cfe,-21.243243243243242,-43.78604619093805,2021-11-29
728a4348-26c3-4dce-9283-0f2aab3e3cfe,-22.9585854,-43.0626043,2021-01-15
728a4348-26c3-4dce-9283-0f2aab3e3cfe,-21.243243243243242,-43.78604619093805,2022-01-12
728a4348-26c3-4dce-9283-0f2aab3e3cfe,-22.9585878,-43.0625911,2021-02-25
728a4348-26c3-4dce-9283-0f2aab3e3cfe,-22.9585846,-43.0625757,2021-02-25
728a4348-26c3-4dce-9283-0f2aab3e3cfe,-22.9585832,-43.0625698,2021-02-25
728a4348-26c3-4dce-9283-0f2aab3e3cfe,-22.9585849,-43.062566,2021-02-25
728a4348-26c3-4dce-9283-0f2aab3e3cfe,-22.9586213,-43.0626354,2021-02-25
728a4348-26c3-4dce-9283-0f2aab3e3cfe,-22.9585858,-43.0625825,2021-02-25
728a4348-26c3-4dce-9283-0f2aab3e3cfe,-22.936936936936938,-43.04285026508244,2021-08-08
728a4348-26c3-4dce-9283-0f2aab3e3cfe,-22.9009009009009,-43.090084910020316,2021-08-08
728a4348-26c3-4dce-9283-0f2aab3e3cfe,-21.225225225225223,-43.780696189490456,2021-01-24
728a4348-26c3-4dce-9283-0f2aab3e3cfe,-21.225225225225223,-43.780696189490456,2021-01-03
728a4348-26c3-4dce-9283-0f2aab3e3cfe,-21.225225225225223,-43.74203773810901,2021-01-02
728a4348-26c3-4dce-9283-0f2aab3e3cfe,-22.936936936936938,-43.06241519702112,2022-01-27
728a4348-26c3-4dce-9283-0f2aab3e3cfe,-22.954954954954953,-43.06814874444955,2022-01-27
728a4348-26c3-4dce-9283-0f2aab3e3cfe,-22.91891891891892,-43.09581209262818,2021-12-21
728a4348-26c3-4dce-9283-0f2aab3e3cfe,-22.954954954954953,-43.06814874444955,2021-08-24
728a4348-26c3-4dce-9283-0f2aab3e3cfe,-22.954954954954953,-43.06814874444955,2021-08-10
728a4348-26c3-4dce-9283-0f2aab3e3cfe,-22.9405662,-43.0436329,2021-04-09
728a4348-26c3-4dce-9283-0f2aab3e3cfe,-21.243243243243242,-43.78604619093805,2021-11-30
728a4348-26c3-4dce-9283-0f2aab3e3cfe,-21.225225225225223,-43.780696189490456,2021-11-24
728a4348-26c3-4dce-9283-0f2aab3e3cfe,-22.9009009009009,-43.090084910020316,2021-08-07
728a4348-26c3-4dce-9283-0f2aab3e3cfe,-22.9408149,-43.0400203,2021-02-08
728a4348-26c3-4dce-9283-0f2aab3e3cfe,-22.9585034,-43.0625398,2021-03-24
728a4348-26c3-4dce-9283-0f2aab3e3cfe,-22.9406056,-43.0436093,2021-01-27
728a4348-26c3-4dce-9283-0f2aab3e3cfe,-22.9378806,-43.0612439,2021-02-26
728a4348-26c3-4dce-9283-0f2aab3e3cfe,-22.9009009009009,-43.090084910020316,2021-05-02
728a4348-26c3-4dce-9283-0f2aab3e3cfe,-22.936936936936938,-43.06241519702112,2021-05-02
728a4348-26c3-4dce-9283-0f2aab3e3cfe,-22.9462213,-43.0315016,2021-02-23
728a4348-26c3-4dce-9283-0f2aab3e3cfe,-22.9371687,-43.0622702,2021-02-23
728a4348-26c3-4dce-9283-0f2aab3e3cfe,-22.9597753,-43.0578296,2021-01-16
728a4348-26c3-4dce-9283-0f2aab3e3cfe,-22.954954954954953,-43.06814874444955,2021-08-03
728a4348-26c3-4dce-9283-0f2aab3e3cfe,-22.954954954954953,-43.06814874444955,2021-05-31
728a4348-26c3-4dce-9283-0f2aab3e3cfe,-22.954954954954953,-43.04858120753703,2021-07-17
728a4348-26c3-4dce-9283-0f2aab3e3cfe,-22.9586092,-43.0626102,2021-03-09
728a4348-26c3-4dce-9283-0f2aab3e3cfe,-22.9586017,-43.0626289,2021-03-01
728a4348-26c3-4dce-9283-0f2aab3e3cfe,-22.954954954954953,-43.029013670624515,2021-04-23
728a4348-26c3-4dce-9283-0f2aab3e3cfe,-22.9411681,-43.0525376,2021-03-01
728a4348-26c3-4dce-9283-0f2aab3e3cfe,-22.947847,-43.0576251,2021-03-01
728a4348-26c3-4dce-9283-0f2aab3e3cfe,-22.9583528,-43.0630447,2021-01-26
728a4348-26c3-4dce-9283-0f2aab3e3cfe,-22.94624,-43.0314909,2021-02-23
728a4348-26c3-4dce-9283-0f2aab3e3cfe,-22.954954954954953,-43.06814874444955,2021-06-08
728a4348-26c3-4dce-9283-0f2aab3e3cfe,-22.954954954954953,-43.04858120753703,2021-08-05
728a4348-26c3-4dce-9283-0f2aab3e3cfe,-22.9009009009009,-43.129204369766136,2021-05-28
728a4348-26c3-4dce-9283-0f2aab3e3cfe,-22.8970626,-43.124269,2021-04-11
728a4348-26c3-4dce-9283-0f2aab3e3cfe,-22.8970143,-43.1242951,2021-04-11
728a4348-26c3-4dce-9283-0f2aab3e3cfe,-22.9009009009009,-43.129204369766136,2021-04-11
728a4348-26c3-4dce-9283-0f2aab3e3cfe,-22.9009009009009,-43.129204369766136,2021-07-01
728a4348-26c3-4dce-9283-0f2aab3e3cfe,-22.9585594,-43.0625976,2021-01-22
728a4348-26c3-4dce-9283-0f2aab3e3cfe,-22.954954954954953,-43.06814874444955,2021-04-17
728a4348-26c3-4dce-9283-0f2aab3e3cfe,-21.243243243243242,-43.78604619093805,2021-01-29
728a4348-26c3-4dce-9283-0f2aab3e3cfe,-22.954954954954953,-43.04858120753703,2021-07-02
728a4348-26c3-4dce-9283-0f2aab3e3cfe,-21.243243243243242,-43.76671460321578,2022-01-15
728a4348-26c3-4dce-9283-0f2aab3e3cfe,-22.972972972972972,-43.05431793465722,2021-06-01
728a4348-26c3-4dce-9283-0f2aab3e3cfe,-22.954954954954953,-43.06814874444955,2022-01-01
728a4348-26c3-4dce-9283-0f2aab3e3cfe,-22.9585935,-43.0625875,2021-03-31
728a4348-26c3-4dce-9283-0f2aab3e3cfe,-22.9586186,-43.0626385,2021-03-31
728a4348-26c3-4dce-9283-0f2aab3e3cfe,-22.9586439,-43.0626222,2021-04-09
728a4348-26c3-4dce-9283-0f2aab3e3cfe,-22.9585151,-43.0626237,2021-03-16
728a4348-26c3-4dce-9283-0f2aab3e3cfe,-22.9352925,-43.0622277,2021-03-16
728a4348-26c3-4dce-9283-0f2aab3e3cfe,-22.9583873,-43.0626114,2021-01-15
728a4348-26c3-4dce-9283-0f2aab3e3cfe,-22.9379218,-43.0614347,2021-01-15
728a4348-26c3-4dce-9283-0f2aab3e3cfe,-22.9585882,-43.0625772,2021-02-22
728a4348-26c3-4dce-9283-0f2aab3e3cfe,-21.225225225225223,-43.780696189490456,2021-11-30
728a4348-26c3-4dce-9283-0f2aab3e3cfe,-22.954954954954953,-43.06814874444955,2021-06-11
728a4348-26c3-4dce-9283-0f2aab3e3cfe,-22.9586027,-43.0625966,2021-02-25
728a4348-26c3-4dce-9283-0f2aab3e3cfe,-22.9384712,-43.0617101,2021-02-22
728a4348-26c3-4dce-9283-0f2aab3e3cfe,-22.954954954954953,-43.04858120753703,2021-12-11
728a4348-26c3-4dce-9283-0f2aab3e3cfe,-22.91891891891892,-43.05668743344286,2021-05-28
728a4348-26c3-4dce-9283-0f2aab3e3cfe,-22.954954954954953,-43.06814874444955,2021-12-21
728a4348-26c3-4dce-9283-0f2aab3e3cfe,-22.954954954954953,-43.04858120753703,2021-01-11
728a4348-26c3-4dce-9283-0f2aab3e3cfe,-21.225225225225223,-43.74203773810901,2021-12-02
728a4348-26c3-4dce-9283-0f2aab3e3cfe,-22.9585826,-43.0625887,2021-03-23
728a4348-26c3-4dce-9283-0f2aab3e3cfe,-22.9585823,-43.0625817,2021-03-23
728a4348-26c3-4dce-9283-0f2aab3e3cfe,-22.9428659,-43.0573484,2021-01-26
728a4348-26c3-4dce-9283-0f2aab3e3cfe,-22.972972972972972,-43.05431793465722,2021-12-22
728a4348-26c3-4dce-9283-0f2aab3e3cfe,-22.936936936936938,-43.06241519702112,2021-05-14
728a4348-26c3-4dce-9283-0f2aab3e3cfe,21.35135135135135,-157.88117370180703,2021-06-12
728a4348-26c3-4dce-9283-0f2aab3e3cfe,-22.9022287,-42.9854419,2021-04-06
728a4348-26c3-4dce-9283-0f2aab3e3cfe,-22.954954954954953,-43.04858120753703,2021-05-23
728a4348-26c3-4dce-9283-0f2aab3e3cfe,-22.936936936936938,-43.06241519702112,2021-04-22
728a4348-26c3-4dce-9283-0f2aab3e3cfe,-22.954954954954953,-43.06814874444955,2021-07-04
728a4348-26c3-4dce-9283-0f2aab3e3cfe,-22.9585757,-43.0625657,2021-03-15
728a4348-26c3-4dce-9283-0f2aab3e3cfe,-22.954954954954953,-43.06814874444955,2021-12-23
728a4348-26c3-4dce-9283-0f2aab3e3cfe,-22.81081081081081,-43.23745659723731,2021-06-02
7290afc4-07ef-4eb9-9f7c-25578eee8d41,-22.882882882882882,-43.299491970192484,2021-01-02
7290afc4-07ef-4eb9-9f7c-25578eee8d41,-22.882882882882882,-43.299491970192484,2022-01-26
7290afc4-07ef-4eb9-9f7c-25578eee8d41,-22.882882882882882,-43.299491970192484,2021-12-02
7290afc4-07ef-4eb9-9f7c-25578eee8d41,-22.882882882882882,-43.27993483741462,2022-01-26
7290afc4-07ef-4eb9-9f7c-25578eee8d41,-22.882882882882882,-43.299491970192484,2021-01-25
7290afc4-07ef-4eb9-9f7c-25578eee8d41,-22.882882882882882,-43.299491970192484,2021-01-24
7290afc4-07ef-4eb9-9f7c-25578eee8d41,-22.882882882882882,-43.299491970192484,2022-02-04
7290afc4-07ef-4eb9-9f7c-25578eee8d41,-22.882882882882882,-43.299491970192484,2021-11-25
7290afc4-07ef-4eb9-9f7c-25578eee8d41,-22.99099099099099,-43.31450626164019,2021-12-25
7290afc4-07ef-4eb9-9f7c-25578eee8d41,-22.882882882882882,-43.27993483741462,2021-11-14
7290afc4-07ef-4eb9-9f7c-25578eee8d41,-22.882882882882882,-43.299491970192484,2021-11-24
729d34ef-4472-46b5-80ae-e030965e293d,-23.5935814,-46.5156323,2021-11-10
729d34ef-4472-46b5-80ae-e030965e293d,-23.585585585585587,-46.51645630562251,2021-11-10
729d34ef-4472-46b5-80ae-e030965e293d,-23.585585585585587,-46.51645630562251,2021-11-20
729d34ef-4472-46b5-80ae-e030965e293d,-23.54954954954955,-46.56266091893181,2022-02-26
729d34ef-4472-46b5-80ae-e030965e293d,-23.603603603603602,-46.5228460062613,2022-02-10
729d34ef-4472-46b5-80ae-e030965e293d,-23.585585585585587,-46.51645630562251,2021-01-02
729d34ef-4472-46b5-80ae-e030965e293d,-23.585585585585587,-46.51645630562251,2021-12-02
729d3bea-4fd8-475b-8f95-8dc1476786d2,-23.54954954954955,-46.444731005249416,2021-07-08
729d490b-88c7-47ff-86c8-d7b93125c106,-22.8398278,-42.0228535,2021-05-30
729d490b-88c7-47ff-86c8-d7b93125c106,-22.840133,-42.0231887,2021-05-30
729d490b-88c7-47ff-86c8-d7b93125c106,-22.8438886,-42.0239208,2021-05-30
729d490b-88c7-47ff-86c8-d7b93125c106,-22.8452112,-42.0252671,2021-05-14
729d490b-88c7-47ff-86c8-d7b93125c106,-22.8452087,-42.0252715,2021-05-14
729d490b-88c7-47ff-86c8-d7b93125c106,-22.8415281,-42.0239339,2021-05-15
729d490b-88c7-47ff-86c8-d7b93125c106,-22.8448794,-42.0252093,2021-05-30
729d490b-88c7-47ff-86c8-d7b93125c106,-22.8448773,-42.0251785,2021-05-30
729d490b-88c7-47ff-86c8-d7b93125c106,-22.845199,-42.0252779,2021-07-04
729d490b-88c7-47ff-86c8-d7b93125c106,-22.8479467,-42.0278644,2021-05-25
729d490b-88c7-47ff-86c8-d7b93125c106,-22.8452058,-42.0252707,2021-06-13
729d490b-88c7-47ff-86c8-d7b93125c106,-22.8448624,-42.0252018,2021-05-29
729d490b-88c7-47ff-86c8-d7b93125c106,-22.8484635,-42.0291412,2021-05-29
729d490b-88c7-47ff-86c8-d7b93125c106,-22.8452124,-42.0252636,2021-07-05
729d490b-88c7-47ff-86c8-d7b93125c106,-22.8448554,-42.0251008,2021-05-30
729d490b-88c7-47ff-86c8-d7b93125c106,-22.845041,-42.0253606,2021-05-30
729d490b-88c7-47ff-86c8-d7b93125c106,-22.8448288,-42.0250053,2021-05-14
729d490b-88c7-47ff-86c8-d7b93125c106,-22.8450399,-42.0255909,2021-05-14
729d490b-88c7-47ff-86c8-d7b93125c106,-22.845208,-42.0252684,2021-05-15
729d490b-88c7-47ff-86c8-d7b93125c106,-22.895754,-42.0407776,2021-07-01
72acdd49-2db9-4f85-bed0-0902cc76ae6a,-22.756756756756758,-43.45479487723519,2022-01-04
72ae34f6-eae5-4a59-bab8-da30e3582844,-23.53153153153153,-46.71350053478866,2021-05-11
72b20363-19e5-4e62-a47e-6db3aadf5d06,-22.91891891891892,-43.09581209262819,2022-02-21
72ca04f7-eb0a-4a8f-b313-1a81fe35cbf9,-20.234234234234233,-40.26891806674628,2021-12-21
72ca04f7-eb0a-4a8f-b313-1a81fe35cbf9,-20.1981981981982,-40.259592472688375,2021-12-31
72cf660b-ec1a-42a6-84a1-84199b26e2d0,-23.675675675675677,-46.745207514158196,2021-11-01
72d7ef48-3dcc-4645-a72a-d90cc7033636,-23.56756756756757,-46.58870368237274,2021-11-19
72e58259-61a9-44b8-bc8a-b7692250c705,-22.9009009009009,-43.227003019130684,2021-12-29
72e58259-61a9-44b8-bc8a-b7692250c705,-22.8798484,-43.5009254,2020-11-20
72e58259-61a9-44b8-bc8a-b7692250c705,-22.8797983,-43.501,2020-11-26
72e58259-61a9-44b8-bc8a-b7692250c705,-22.9009009009009,-43.227003019130684,2021-12-26
72e58259-61a9-44b8-bc8a-b7692250c705,-22.882882882882882,-43.475506165193266,2022-01-29
72e58259-61a9-44b8-bc8a-b7692250c705,-22.897103,-43.2214634,2021-05-14
72e58259-61a9-44b8-bc8a-b7692250c705,-22.9009009009009,-43.227003019130684,2021-12-21
72e6a2ce-df6c-4c60-b43a-63541980e6a9,-21.72972972972973,-41.352929089065384,2022-02-07
72e6a2ce-df6c-4c60-b43a-63541980e6a9,-21.72972972972973,-41.33353278086226,2022-02-10
72e6a2ce-df6c-4c60-b43a-63541980e6a9,-21.72972972972973,-41.352929089065384,2022-02-08
72e7b967-3582-440f-91e7-9ec9e5e618bc,-8.126126126126126,-34.8908690918288,2021-09-14
72eebfa7-631a-4718-b7fe-1307aa5cae0d,-23.65765765765766,-46.719094047722066,2021-05-23
72eebfa7-631a-4718-b7fe-1307aa5cae0d,-23.63963963963964,-46.73232937263055,2021-05-05
72eebfa7-631a-4718-b7fe-1307aa5cae0d,-23.62162162162162,-46.72589989248769,2022-02-28
72eebfa7-631a-4718-b7fe-1307aa5cae0d,-23.63963963963964,-46.73232937263055,2021-05-06
72eebfa7-631a-4718-b7fe-1307aa5cae0d,-23.63963963963964,-46.73232937263055,2021-06-24
72eebfa7-631a-4718-b7fe-1307aa5cae0d,-23.63963963963964,-46.73232937263055,2022-02-28
72f513f4-c0f7-49c9-b76b-4fe6ee7c3e59,-23.495495495495494,-46.406015369444575,2022-01-25
72f513f4-c0f7-49c9-b76b-4fe6ee7c3e59,-23.47747747747748,-46.399674472172045,2021-10-15
72f513f4-c0f7-49c9-b76b-4fe6ee7c3e59,-23.47747747747748,-46.399674472172045,2021-11-12
72f513f4-c0f7-49c9-b76b-4fe6ee7c3e59,-23.47747747747748,-46.399674472172045,2021-11-06
72f513f4-c0f7-49c9-b76b-4fe6ee7c3e59,-23.495495495495494,-46.3863684535388,2021-10-29
72f513f4-c0f7-49c9-b76b-4fe6ee7c3e59,-23.47747747747748,-46.399674472172045,2021-09-25
72f513f4-c0f7-49c9-b76b-4fe6ee7c3e59,-23.495495495495494,-46.406015369444575,2021-08-25
72f513f4-c0f7-49c9-b76b-4fe6ee7c3e59,-23.495495495495494,-46.406015369444575,2021-09-05
72f58294-c103-4c5c-b373-da1c7dbdf44f,-23.47747747747748,-46.41931870353198,2021-11-17
72f58294-c103-4c5c-b373-da1c7dbdf44f,-23.47747747747748,-46.41931870353198,2021-11-14
7325c02d-461b-40a6-948d-d72e2e0f3dc5,-22.864864864864863,-43.33285688601838,2022-01-31
7325c02d-461b-40a6-948d-d72e2e0f3dc5,-22.864864864864863,-43.33285688601838,2022-02-02
733a2b3c-e7fe-40eb-9446-8a744c96b222,-22.91891891891892,-43.0371251038502,2021-12-08
733a2b3c-e7fe-40eb-9446-8a744c96b222,-22.91891891891892,-43.0371251038502,2021-01-08
733a2b3c-e7fe-40eb-9446-8a744c96b222,-22.9009009009009,-43.0509654502745,2021-01-06
733a2b3c-e7fe-40eb-9446-8a744c96b222,-22.9009009009009,-43.0509654502745,2021-12-06
733a2b3c-e7fe-40eb-9446-8a744c96b222,-22.91891891891892,-43.05668743344286,2021-01-08
733a2b3c-e7fe-40eb-9446-8a744c96b222,-22.9009009009009,-43.070525180147406,2021-01-24
733a2b3c-e7fe-40eb-9446-8a744c96b222,-22.91891891891892,-43.05668743344286,2021-01-07
733a2b3c-e7fe-40eb-9446-8a744c96b222,-22.9009009009009,-43.070525180147406,2021-11-24
733a2b3c-e7fe-40eb-9446-8a744c96b222,-22.9009009009009,-43.070525180147406,2022-02-24
733a2b3c-e7fe-40eb-9446-8a744c96b222,-22.9009009009009,-43.0509654502745,2021-08-08
733a2b3c-e7fe-40eb-9446-8a744c96b222,-22.91891891891892,-43.05668743344286,2021-10-02
733a2b3c-e7fe-40eb-9446-8a744c96b222,-22.936936936936938,-43.06241519702112,2021-10-09
733a2b3c-e7fe-40eb-9446-8a744c96b222,-22.91891891891892,-43.05668743344286,2021-12-07
733a2b3c-e7fe-40eb-9446-8a744c96b222,-22.91891891891892,-43.05668743344286,2021-12-08
733a2b3c-e7fe-40eb-9446-8a744c96b222,-22.91891891891892,-43.0371251038502,2021-09-03
733a2b3c-e7fe-40eb-9446-8a744c96b222,-22.91891891891892,-43.05668743344286,2021-10-11
733dd590-817c-4510-ba73-ebcae8b4569d,-23.491033,-46.6999291,2021-01-16
733dd590-817c-4510-ba73-ebcae8b4569d,-23.491033,-46.6999291,2021-01-17
733e0e6c-2eff-444b-a798-b9507356ff2c,-21.7237054,-41.3089946,2021-12-14
733e0e6c-2eff-444b-a798-b9507356ff2c,-21.72378,-41.3089312,2021-01-10
733e0e6c-2eff-444b-a798-b9507356ff2c,-21.7237352,-41.3089646,2021-01-10
733e0e6c-2eff-444b-a798-b9507356ff2c,-21.71171171171171,-41.30896112467325,2021-10-24
733e0e6c-2eff-444b-a798-b9507356ff2c,-21.7237788,-41.3089247,2021-01-04
733e0e6c-2eff-444b-a798-b9507356ff2c,-21.7237809,-41.3089247,2021-01-04
733e0e6c-2eff-444b-a798-b9507356ff2c,-21.7237752,-41.3089276,2021-01-25
733e0e6c-2eff-444b-a798-b9507356ff2c,-21.72972972972973,-41.29474016445601,2021-11-19
733e0e6c-2eff-444b-a798-b9507356ff2c,-21.7236023,-41.3090458,2021-11-19
733e0e6c-2eff-444b-a798-b9507356ff2c,-21.7236025,-41.3090378,2021-11-19
733e0e6c-2eff-444b-a798-b9507356ff2c,-21.7236027,-41.309045,2021-11-19
733e0e6c-2eff-444b-a798-b9507356ff2c,-21.723608,-41.3089629,2021-11-25
733e0e6c-2eff-444b-a798-b9507356ff2c,-21.7236117,-41.3090257,2021-11-25
733e0e6c-2eff-444b-a798-b9507356ff2c,-21.7236915,-41.3090146,2021-11-25
733e0e6c-2eff-444b-a798-b9507356ff2c,-21.7237752,-41.3089276,2021-11-25
733e0e6c-2eff-444b-a798-b9507356ff2c,-21.7237809,-41.3089247,2021-12-04
733e0e6c-2eff-444b-a798-b9507356ff2c,-21.723758,-41.3089683,2022-02-17
733e0e6c-2eff-444b-a798-b9507356ff2c,-21.7237783,-41.3089216,2021-01-22
733e0e6c-2eff-444b-a798-b9507356ff2c,-21.7237175,-41.3090713,2021-01-24
733e0e6c-2eff-444b-a798-b9507356ff2c,-21.7237545,-41.3089529,2021-01-27
733e0e6c-2eff-444b-a798-b9507356ff2c,-21.7237052,-41.309242,2021-01-26
733e0e6c-2eff-444b-a798-b9507356ff2c,-21.7237545,-41.3089529,2021-11-27
733e0e6c-2eff-444b-a798-b9507356ff2c,-21.72972972972973,-41.29474016445601,2021-11-17
733e0e6c-2eff-444b-a798-b9507356ff2c,-21.7237683,-41.3089867,2021-11-25
733e0e6c-2eff-444b-a798-b9507356ff2c,-21.7237762,-41.3089242,2021-11-25
733e0e6c-2eff-444b-a798-b9507356ff2c,-21.72972972972973,-41.29474016445601,2021-08-27
733e0e6c-2eff-444b-a798-b9507356ff2c,-21.72972972972973,-41.314136472659136,2021-10-30
733e0e6c-2eff-444b-a798-b9507356ff2c,-21.72972972972973,-41.314136472659136,2021-11-02
733e0e6c-2eff-444b-a798-b9507356ff2c,-21.72972972972973,-41.29474016445601,2021-11-05
733e0e6c-2eff-444b-a798-b9507356ff2c,-21.7237744,-41.3089208,2021-11-20
733e0e6c-2eff-444b-a798-b9507356ff2c,-21.7237758,-41.3089232,2021-11-20
733e0e6c-2eff-444b-a798-b9507356ff2c,-21.72972972972973,-41.314136472659136,2021-11-11
733e0e6c-2eff-444b-a798-b9507356ff2c,-21.72378,-41.3089312,2021-12-10
733e0e6c-2eff-444b-a798-b9507356ff2c,-21.7237352,-41.3089646,2021-12-10
733e0e6c-2eff-444b-a798-b9507356ff2c,-21.7237601,-41.3089432,2021-12-22
733e0e6c-2eff-444b-a798-b9507356ff2c,-21.7237554,-41.308938,2021-12-22
733e0e6c-2eff-444b-a798-b9507356ff2c,-21.72972972972973,-41.314136472659136,2021-08-28
733e0e6c-2eff-444b-a798-b9507356ff2c,-21.723608,-41.3089629,2021-01-25
733e0e6c-2eff-444b-a798-b9507356ff2c,-21.7236117,-41.3090257,2021-01-25
733e0e6c-2eff-444b-a798-b9507356ff2c,-21.7236915,-41.3090146,2021-01-25
733e0e6c-2eff-444b-a798-b9507356ff2c,-21.7254351,-41.3095556,2021-11-19
733e0e6c-2eff-444b-a798-b9507356ff2c,-21.7237832,-41.3089172,2021-11-20
733e0e6c-2eff-444b-a798-b9507356ff2c,-21.72972972972973,-41.314136472659136,2021-10-31
733e0e6c-2eff-444b-a798-b9507356ff2c,-21.72972972972973,-41.314136472659136,2021-11-06
733e0e6c-2eff-444b-a798-b9507356ff2c,-21.7236026,-41.3090414,2021-11-19
733e0e6c-2eff-444b-a798-b9507356ff2c,-21.7236022,-41.3090373,2021-11-19
733e0e6c-2eff-444b-a798-b9507356ff2c,-21.7237216,-41.3088165,2021-01-25
733e0e6c-2eff-444b-a798-b9507356ff2c,-21.7237683,-41.3089867,2021-01-25
733e0e6c-2eff-444b-a798-b9507356ff2c,-21.7236013,-41.3090418,2021-11-19
733e0e6c-2eff-444b-a798-b9507356ff2c,-21.7235767,-41.3090507,2021-01-25
733e0e6c-2eff-444b-a798-b9507356ff2c,-21.7237762,-41.3089242,2021-01-25
733e0e6c-2eff-444b-a798-b9507356ff2c,-21.7238501,-41.3089585,2021-01-25
733e0e6c-2eff-444b-a798-b9507356ff2c,-21.7238199,-41.3089167,2021-01-04
733e0e6c-2eff-444b-a798-b9507356ff2c,-21.7235767,-41.3090507,2021-11-25
733e0e6c-2eff-444b-a798-b9507356ff2c,-21.7237783,-41.3089216,2021-11-22
733e0e6c-2eff-444b-a798-b9507356ff2c,-21.72383,-41.3089104,2021-11-22
733e0e6c-2eff-444b-a798-b9507356ff2c,-21.7236854,-41.3088688,2021-01-29
733e0e6c-2eff-444b-a798-b9507356ff2c,-21.72972972972973,-41.314136472659136,2021-10-26
733e0e6c-2eff-444b-a798-b9507356ff2c,-21.72972972972973,-41.314136472659136,2021-08-30
733e0e6c-2eff-444b-a798-b9507356ff2c,-21.72383,-41.3089104,2021-01-22
733e0e6c-2eff-444b-a798-b9507356ff2c,-21.7237533,-41.3090579,2021-01-25
733e0e6c-2eff-444b-a798-b9507356ff2c,-21.7236349,-41.3089547,2021-01-25
733e0e6c-2eff-444b-a798-b9507356ff2c,-21.7236978,-41.3089628,2021-01-25
733e0e6c-2eff-444b-a798-b9507356ff2c,-21.7237623,-41.3089657,2022-02-13
733e0e6c-2eff-444b-a798-b9507356ff2c,-21.7237586,-41.3084662,2021-12-28
733e0e6c-2eff-444b-a798-b9507356ff2c,-21.7243134,-41.309242,2021-11-20
733e0e6c-2eff-444b-a798-b9507356ff2c,-21.71171171171171,-41.289567246210964,2021-09-03
733e0e6c-2eff-444b-a798-b9507356ff2c,-21.7236854,-41.3088688,2021-11-29
733e0e6c-2eff-444b-a798-b9507356ff2c,-21.7237105,-41.3090194,2021-12-19
733e0e6c-2eff-444b-a798-b9507356ff2c,-21.7237617,-41.3089343,2021-12-19
733e0e6c-2eff-444b-a798-b9507356ff2c,-21.7243134,-41.309242,2021-11-21
733e0e6c-2eff-444b-a798-b9507356ff2c,-21.7237533,-41.3090579,2021-11-25
733e0e6c-2eff-444b-a798-b9507356ff2c,-21.7238501,-41.3089585,2021-11-25
733e0e6c-2eff-444b-a798-b9507356ff2c,-21.7236349,-41.3089547,2021-11-25
733e0e6c-2eff-444b-a798-b9507356ff2c,-21.7236978,-41.3089628,2021-11-25
733e0e6c-2eff-444b-a798-b9507356ff2c,-21.72972972972973,-41.314136472659136,2021-09-16
733e0e6c-2eff-444b-a798-b9507356ff2c,-21.71171171171171,-41.30896112467325,2021-09-20
733e0e6c-2eff-444b-a798-b9507356ff2c,-21.7237175,-41.3090713,2021-11-24
733e0e6c-2eff-444b-a798-b9507356ff2c,-21.7237788,-41.3089247,2021-12-04
733e0e6c-2eff-444b-a798-b9507356ff2c,-21.7238199,-41.3089167,2021-12-04
733e0e6c-2eff-444b-a798-b9507356ff2c,-21.7237216,-41.3088165,2021-11-25
733e0e6c-2eff-444b-a798-b9507356ff2c,-21.7236028,-41.3090441,2021-11-20
733e0e6c-2eff-444b-a798-b9507356ff2c,-21.7237052,-41.309242,2021-11-26
733e0e6c-2eff-444b-a798-b9507356ff2c,-21.71171171171171,-41.30896112467325,2021-09-10
733ffc1a-cd4d-45c7-bc7f-9ea711a90b08,-22.972972972972972,-43.32829995787777,2021-08-19
733ffc1a-cd4d-45c7-bc7f-9ea711a90b08,-22.936936936936938,-43.33632424416255,2021-08-17
733ffc1a-cd4d-45c7-bc7f-9ea711a90b08,-22.936936936936938,-43.35588917610122,2021-08-20
733ffc1a-cd4d-45c7-bc7f-9ea711a90b08,-22.9009009009009,-43.32480166849523,2021-08-20
734ddb19-140b-4339-b80d-4bd966ebecef,-22.4336752,-42.9725202,2020-11-28
734ddb19-140b-4339-b80d-4bd966ebecef,-22.4336673,-42.972529,2020-11-28
734ddb19-140b-4339-b80d-4bd966ebecef,-22.923031,-43.2204547,2020-11-25
734ddb19-140b-4339-b80d-4bd966ebecef,-22.923062,-43.2202083,2020-11-27
734e03c3-948e-4446-b524-7d37fe2c4232,-21.74774774774775,-43.375583694296665,2021-12-13
734e03c3-948e-4446-b524-7d37fe2c4232,-21.74774774774775,-43.375583694296665,2022-02-17
734e03c3-948e-4446-b524-7d37fe2c4232,-21.7390394,-43.3791774,2022-02-17
734e03c3-948e-4446-b524-7d37fe2c4232,-21.72972972972973,-43.38954145039365,2021-10-06
734e03c3-948e-4446-b524-7d37fe2c4232,-21.74774774774775,-43.35618495382516,2021-08-16
734e03c3-948e-4446-b524-7d37fe2c4232,-21.74774774774775,-43.375583694296665,2021-01-08
734e03c3-948e-4446-b524-7d37fe2c4232,-21.765765765765767,-43.3422255506587,2021-01-07
734e03c3-948e-4446-b524-7d37fe2c4232,-21.7390941,-43.3791416,2021-01-07
734e03c3-948e-4446-b524-7d37fe2c4232,-21.7390945,-43.3791419,2021-01-07
734e03c3-948e-4446-b524-7d37fe2c4232,-21.74774774774775,-43.39498243476818,2022-01-26
734e03c3-948e-4446-b524-7d37fe2c4232,-21.72972972972973,-43.38954145039365,2022-02-12
734e03c3-948e-4446-b524-7d37fe2c4232,-21.74774774774775,-43.375583694296665,2021-12-11
